,,,prompt_index,prompt_index,prompt_index,prompt_index,prompt_index,input_tokens,input_tokens,input_tokens,input_tokens,input_tokens,output_tokens,output_tokens,output_tokens,output_tokens,output_tokens,elapsed_seconds,elapsed_seconds,elapsed_seconds,elapsed_seconds,elapsed_seconds,accuracy,accuracy,accuracy,accuracy,accuracy,interference_effect_ms,interference_effect_ms,interference_effect_ms,interference_effect_ms,interference_effect_ms,mean_rt_ms,mean_rt_ms,mean_rt_ms,mean_rt_ms,mean_rt_ms,rt_sd_ms,rt_sd_ms,rt_sd_ms,rt_sd_ms,rt_sd_ms,accuracy_1back,accuracy_1back,accuracy_1back,accuracy_1back,accuracy_1back,accuracy_2back,accuracy_2back,accuracy_2back,accuracy_2back,accuracy_2back,accuracy_3back,accuracy_3back,accuracy_3back,accuracy_3back,accuracy_3back,overall_accuracy,overall_accuracy,overall_accuracy,overall_accuracy,overall_accuracy,adjusted_average_pumps,adjusted_average_pumps,adjusted_average_pumps,adjusted_average_pumps,adjusted_average_pumps,explosion_count,explosion_count,explosion_count,explosion_count,explosion_count,risk_preference_0_1,risk_preference_0_1,risk_preference_0_1,risk_preference_0_1,risk_preference_0_1,total_earnings,total_earnings,total_earnings,total_earnings,total_earnings,discounting_k,discounting_k,discounting_k,discounting_k,discounting_k,immediate_choice_proportion,immediate_choice_proportion,immediate_choice_proportion,immediate_choice_proportion,immediate_choice_proportion,log_discounting_k,log_discounting_k,log_discounting_k,log_discounting_k,log_discounting_k,caars_total,caars_total,caars_total,caars_total,caars_total,cias_total,cias_total,cias_total,cias_total,cias_total,dsm_total1,dsm_total1,dsm_total1,dsm_total1,dsm_total1,dsm_total2,dsm_total2,dsm_total2,dsm_total2,dsm_total2,young_total,young_total,young_total,young_total,young_total
,,,count,mean,std,min,max,count,mean,std,min,max,count,mean,std,min,max,count,mean,std,min,max,count,mean,std,min,max,count,mean,std,min,max,count,mean,std,min,max,count,mean,std,min,max,count,mean,std,min,max,count,mean,std,min,max,count,mean,std,min,max,count,mean,std,min,max,count,mean,std,min,max,count,mean,std,min,max,count,mean,std,min,max,count,mean,std,min,max,count,mean,std,min,max,count,mean,std,min,max,count,mean,std,min,max,count,mean,std,min,max,count,mean,std,min,max,count,mean,std,min,max,count,mean,std,min,max,count,mean,std,min,max
model,profile_id,task_id,,,,,,,,,,,,,,,,,,,,,,,,,,,,,,,,,,,,,,,,,,,,,,,,,,,,,,,,,,,,,,,,,,,,,,,,,,,,,,,,,,,,,,,,,,,,,,,,,,,,,,,,,,,,,,,,,,,,,,,,
gpt-5.5,P1_low_ADHD_low_IA,bart,20,3.0,0.0,3,3,20,802.0,0.0,802,802,20,54.95,20.09313839414629,48,118,20,3.05701003074646,0.9083857100748222,2.3856208324432373,5.47022819519043,0,,,,,0,,,,,0,,,,,0,,,,,0,,,,,0,,,,,0,,,,,0,,,,,20,29.3,1.5677674371035093,28.0,32.0,20,19.15,6.491087006527935,6.0,30.0,20,0.43550000000000005,0.02704285098641939,0.38,0.5,20,506.25,27.809265778835204,420.0,540.0,0,,,,,0,,,,,0,,,,,0,,,,,0,,,,,0,,,,,0,,,,,0,,,,
gpt-5.5,P1_low_ADHD_low_IA,ddt,20,4.0,0.0,4,4,20,782.0,0.0,782,782,20,44.3,1.1285761872936697,43,47,20,2.8411046981811525,0.46828888615735387,2.3976545333862305,4.13517689704895,0,,,,,0,,,,,0,,,,,0,,,,,0,,,,,0,,,,,0,,,,,0,,,,,0,,,,,0,,,,,0,,,,,0,,,,,20,0.029249999999999998,0.015327563750521992,0.015,0.08,20,0.279,0.01651155894963794,0.22,0.32,20,-3.635286405510999,0.45022990870202917,-4.2,-2.525729,0,,,,,0,,,,,0,,,,,0,,,,,0,,,,
gpt-5.5,P1_low_ADHD_low_IA,nback,20,2.0,0.0,2,2,20,822.0,0.0,822,822,20,154.45,62.18603244764011,55,271,20,5.7848287463188175,2.7192411247128616,2.713686227798462,15.289450883865356,0,,,,,0,,,,,20,641.0,35.377661700124015,610.0,720.0,0,,,,,20,0.9414999999999999,0.004893604849295949,0.93,0.95,20,0.8870000000000001,0.010310954828418385,0.88,0.91,20,0.812,0.018238190122579802,0.78,0.84,20,0.90175,0.0099041458623729,0.88,0.92,0,,,,,0,,,,,0,,,,,0,,,,,0,,,,,0,,,,,0,,,,,0,,,,,0,,,,,0,,,,,0,,,,,0,,,,
gpt-5.5,P1_low_ADHD_low_IA,questionnaire,20,5.0,0.0,5,5,20,810.0,0.0,810,810,20,99.1,56.15664182492247,45,178,20,3.8014803528785706,1.3449304415880095,2.550009489059448,6.966205835342407,0,,,,,0,,,,,0,,,,,0,,,,,0,,,,,0,,,,,0,,,,,0,,,,,0,,,,,0,,,,,0,,,,,0,,,,,0,,,,,0,,,,,0,,,,,20,19.25,0.7863975156570486,18.0,20.0,20,41.15,2.9960500312033647,38.0,46.0,20,1.0,0.0,1.0,1.0,20,2.0,0.0,2.0,2.0,20,1.0,0.0,1.0,1.0
gpt-5.5,P1_low_ADHD_low_IA,stroop,20,1.0,0.0,1,1,20,790.0,0.0,790,790,20,40.0,0.0,40,40,20,2.790290927886963,0.4437370545672259,2.344764232635498,3.870027542114258,20,0.96,0.0,0.96,0.96,20,90.75,9.904145862372882,80.0,120.0,20,635.0,19.330913339165225,620.0,690.0,20,114.25,8.92586425124083,95.0,140.0,0,,,,,0,,,,,0,,,,,0,,,,,0,,,,,0,,,,,0,,,,,0,,,,,0,,,,,0,,,,,0,,,,,0,,,,,0,,,,,0,,,,,0,,,,,0,,,,
gpt-5.5,P2_high_inattention,bart,20,8.0,0.0,8,8,20,803.0,0.0,803,803,20,49.9,0.788068925652412,48,52,20,3.218485164642334,0.8798844866774483,2.561775684356689,6.045783996582031,0,,,,,0,,,,,0,,,,,0,,,,,0,,,,,0,,,,,0,,,,,0,,,,,20,29.365,1.8414167886368595,25.5,32.0,20,23.15,8.934115571931649,8.0,38.0,20,0.4755,0.02258900524358558,0.43,0.52,20,459.1,57.78262350350119,315.0,520.0,0,,,,,0,,,,,0,,,,,0,,,,,0,,,,,0,,,,,0,,,,,0,,,,
gpt-5.5,P2_high_inattention,ddt,20,9.0,0.0,9,9,20,783.0,0.0,783,783,20,78.8,55.18161402420003,43,192,20,3.564282464981079,1.1767355695380493,2.424144983291626,5.728803396224976,0,,,,,0,,,,,0,,,,,0,,,,,0,,,,,0,,,,,0,,,,,0,,,,,0,,,,,0,,,,,0,,,,,0,,,,,20,0.11299999999999999,0.08538457891088692,0.015,0.35,20,0.5515,0.042336372318050944,0.46,0.62,20,-2.501667787659193,0.8854346373132344,-4.2,-1.05,0,,,,,0,,,,,0,,,,,0,,,,,0,,,,
gpt-5.5,P2_high_inattention,nback,20,7.0,0.0,7,7,20,823.0,0.0,823,823,20,94.0,90.0321579974856,55,394,20,3.802032935619354,1.7746671595671708,2.6648964881896973,9.800899505615234,0,,,,,0,,,,,20,764.0,32.99122690400556,690.0,860.0,0,,,,,20,0.833,0.02296450350111301,0.78,0.88,20,0.715,0.030864730339780527,0.67,0.76,20,0.5905,0.03425523394507148,0.55,0.66,20,0.75625,0.024326453004691717,0.72,0.8,0,,,,,0,,,,,0,,,,,0,,,,,0,,,,,0,,,,,0,,,,,0,,,,,0,,,,,0,,,,,0,,,,,0,,,,
gpt-5.5,P2_high_inattention,questionnaire,20,10.0,0.0,10,10,20,811.0,0.0,811,811,20,71.8,50.87301011238412,45,199,20,3.328348672389984,1.034924023059445,2.4680047035217285,5.414823770523071,0,,,,,0,,,,,0,,,,,0,,,,,0,,,,,0,,,,,0,,,,,0,,,,,0,,,,,0,,,,,0,,,,,0,,,,,0,,,,,0,,,,,0,,,,,20,54.2,2.566997016790345,48.0,58.0,20,60.05,3.5611204623500763,54.0,65.0,20,4.35,0.6708203932499369,3.0,5.0,20,6.35,0.4893604849295929,6.0,7.0,20,3.8,0.41039134083406165,3.0,4.0
gpt-5.5,P2_high_inattention,stroop,20,6.0,0.0,6,6,20,791.0,0.0,791,791,20,40.0,0.0,40,40,20,2.7770083427429197,0.3967164930091988,2.456387519836426,3.762125015258789,20,0.914,0.010954451150103333,0.88,0.93,20,111.0,12.732056517228266,95.0,145.0,20,715.0,11.002392084403638,690.0,720.0,20,181.25,11.224386045805051,165.0,210.0,0,,,,,0,,,,,0,,,,,0,,,,,0,,,,,0,,,,,0,,,,,0,,,,,0,,,,,0,,,,,0,,,,,0,,,,,0,,,,,0,,,,,0,,,,,0,,,,
gpt-5.5,P3_combined_ADHD,bart,20,13.0,0.0,13,13,20,794.0,0.0,794,794,20,72.8,58.806193730359986,48,289,20,3.7301273941993713,1.8340337030337204,2.562398195266724,8.603695392608643,0,,,,,0,,,,,0,,,,,0,,,,,0,,,,,0,,,,,0,,,,,0,,,,,20,33.075,1.8727618220439197,28.5,35.5,20,34.3,3.643306768654859,28.0,39.0,20,0.5765,0.015312533566021242,0.53,0.61,20,447.1,38.0966913883193,410.0,520.0,0,,,,,0,,,,,0,,,,,0,,,,,0,,,,,0,,,,,0,,,,,0,,,,
gpt-5.5,P3_combined_ADHD,ddt,20,14.0,0.0,14,14,20,774.0,0.0,774,774,20,44.15,1.4244112357114602,43,48,20,3.4636519312858582,1.7627261150689322,2.4047398567199707,8.670494556427002,0,,,,,0,,,,,0,,,,,0,,,,,0,,,,,0,,,,,0,,,,,0,,,,,0,,,,,0,,,,,0,,,,,0,,,,,20,0.2845,0.24841550506740662,0.08,0.85,20,0.6315000000000001,0.01843195166294833,0.62,0.68,20,-1.5514271642091928,0.7548545021856445,-2.525729,-0.1625,0,,,,,0,,,,,0,,,,,0,,,,,0,,,,
gpt-5.5,P3_combined_ADHD,nback,20,12.0,0.0,12,12,20,814.0,0.0,814,814,20,177.35,100.83299115499429,55,367,20,5.270840704441071,1.8556623709173772,2.657932996749878,8.333234071731567,0,,,,,0,,,,,20,734.0,28.172401575412696,690.0,780.0,0,,,,,20,0.8445,0.022118104039808427,0.78,0.86,20,0.7315,0.02960707596789019,0.66,0.78,20,0.612,0.036215727900574105,0.54,0.68,20,0.76775,0.02726454223268559,0.72,0.82,0,,,,,0,,,,,0,,,,,0,,,,,0,,,,,0,,,,,0,,,,,0,,,,,0,,,,,0,,,,,0,,,,,0,,,,
gpt-5.5,P3_combined_ADHD,questionnaire,20,15.0,0.0,15,15,20,802.0,0.0,802,802,20,113.45,76.13594143994916,45,328,20,4.476817107200622,1.5800743865699862,2.551528215408325,8.976186037063599,0,,,,,0,,,,,0,,,,,0,,,,,0,,,,,0,,,,,0,,,,,0,,,,,0,,,,,0,,,,,0,,,,,0,,,,,0,,,,,0,,,,,0,,,,,20,62.15,2.7198103649064644,58.0,68.0,20,61.4,3.816860103885337,55.0,65.0,20,5.0,1.1697953037312034,4.0,8.0,20,6.8,1.105012502906165,6.0,11.0,20,3.9,0.3077935056255462,3.0,4.0
gpt-5.5,P3_combined_ADHD,stroop,20,11.0,0.0,11,11,20,782.0,0.0,782,782,20,43.4,15.205262246998569,40,108,20,3.5197922825813293,1.6288229969284505,2.41534161567688,7.821588754653931,20,0.9075000000000001,0.00850696309223401,0.88,0.92,20,126.0,14.9208437746452,105.0,145.0,20,718.5,14.608937423083827,680.0,760.0,20,192.5,14.281014264436985,165.0,210.0,0,,,,,0,,,,,0,,,,,0,,,,,0,,,,,0,,,,,0,,,,,0,,,,,0,,,,,0,,,,,0,,,,,0,,,,,0,,,,,0,,,,,0,,,,,0,,,,
gpt-5.5,P4_ADHD_high_IA,bart,20,18.0,0.0,18,18,20,800.0,0.0,800,800,20,55.7,25.965766937095832,48,166,20,3.2271849036216738,1.2508769989701394,2.5199289321899414,7.584264755249023,0,,,,,0,,,,,0,,,,,0,,,,,0,,,,,0,,,,,0,,,,,0,,,,,20,35.075,2.0980881021088047,31.5,38.5,20,30.2,10.283353948058611,11.0,42.0,20,0.608,0.029841687549290424,0.57,0.68,20,446.5,46.42764602894996,410.0,520.0,0,,,,,0,,,,,0,,,,,0,,,,,0,,,,,0,,,,,0,,,,,0,,,,
gpt-5.5,P4_ADHD_high_IA,ddt,20,19.0,0.0,19,19,20,780.0,0.0,780,780,20,43.8,1.641565363336246,42,48,20,3.623347556591034,3.309004536511578,2.3648812770843506,17.40809679031372,0,,,,,0,,,,,0,,,,,0,,,,,0,,,,,0,,,,,0,,,,,0,,,,,0,,,,,0,,,,,0,,,,,0,,,,,20,0.584,0.31553463401528187,0.18,1.2,20,0.7110000000000001,0.018890264827766616,0.68,0.74,20,-0.7070328309774877,0.6315512617678358,-1.7148,0.182,0,,,,,0,,,,,0,,,,,0,,,,,0,,,,
gpt-5.5,P4_ADHD_high_IA,nback,20,17.0,0.0,17,17,20,820.0,0.0,820,820,20,93.55,77.08469368169014,55,320,20,4.186266696453094,2.0697770028266076,2.633778810501098,9.98126983642578,0,,,,,0,,,,,20,725.5,23.277502126799547,680.0,780.0,0,,,,,20,0.8195,0.029464519251751618,0.78,0.88,20,0.6900000000000001,0.036562851437807166,0.64,0.76,20,0.5645,0.03619755734707435,0.52,0.62,20,0.733,0.03585056705123,0.68,0.79,0,,,,,0,,,,,0,,,,,0,,,,,0,,,,,0,,,,,0,,,,,0,,,,,0,,,,,0,,,,,0,,,,,0,,,,
gpt-5.5,P4_ADHD_high_IA,questionnaire,20,20.0,0.0,20,20,20,808.0,0.0,808,808,20,80.45,49.6646384844335,45,154,20,4.102689552307129,1.451932728063811,2.356621265411377,8.563344717025757,0,,,,,0,,,,,0,,,,,0,,,,,0,,,,,0,,,,,0,,,,,0,,,,,0,,,,,0,,,,,0,,,,,0,,,,,0,,,,,0,,,,,0,,,,,20,62.2,2.4192212753171987,58.0,66.0,20,84.7,1.89459063763403,82.0,88.0,20,7.0,0.0,7.0,7.0,20,10.15,0.3663475485325232,10.0,11.0,20,6.35,0.489360484929593,6.0,7.0
gpt-5.5,P4_ADHD_high_IA,stroop,20,16.0,0.0,16,16,20,788.0,0.0,788,788,20,40.0,0.0,40,40,20,2.736702287197113,0.48775095709749194,2.3597707748413086,4.2962799072265625,20,0.9065,0.010399898784932596,0.88,0.92,20,130.25,13.714667522880674,115.0,155.0,20,722.0,23.078812338319505,680.0,780.0,20,208.0,16.495613452002768,175.0,260.0,0,,,,,0,,,,,0,,,,,0,,,,,0,,,,,0,,,,,0,,,,,0,,,,,0,,,,,0,,,,,0,,,,,0,,,,,0,,,,,0,,,,,0,,,,,0,,,,
gpt-5.5,P5_high_IA_low_ADHD,bart,20,23.0,0.0,23,23,20,792.0,0.0,792,792,20,66.95,38.84987976679898,48,159,20,4.539952325820923,4.365742716190039,2.6111154556274414,22.335090160369877,0,,,,,0,,,,,0,,,,,0,,,,,0,,,,,0,,,,,0,,,,,0,,,,,20,34.075,2.0408653995174126,30.0,36.5,20,25.05,8.672248539844905,8.0,36.0,20,0.5509999999999999,0.03143916431191481,0.48,0.61,20,478.75,48.851951423609854,410.0,545.0,0,,,,,0,,,,,0,,,,,0,,,,,0,,,,,0,,,,,0,,,,,0,,,,
gpt-5.5,P5_high_IA_low_ADHD,ddt,20,24.0,0.0,24,24,20,772.0,0.0,772,772,20,49.7,23.434342769803283,43,149,20,2.964194989204407,0.6677568834085906,2.496785879135132,4.917604207992554,0,,,,,0,,,,,0,,,,,0,,,,,0,,,,,0,,,,,0,,,,,0,,,,,0,,,,,0,,,,,0,,,,,0,,,,,20,0.1635,0.10893141251071221,0.08,0.55,20,0.605,0.019330913339165232,0.58,0.62,20,-1.9614916384506813,0.5341038666125129,-2.53,-0.598,0,,,,,0,,,,,0,,,,,0,,,,,0,,,,
gpt-5.5,P5_high_IA_low_ADHD,nback,20,22.0,0.0,22,22,20,812.0,0.0,812,812,20,62.7,34.435446853496764,55,209,20,3.3870449900627135,1.5456504593215052,2.591712474822998,8.791712760925293,0,,,,,0,,,,,20,688.5,23.680993933621338,610.0,720.0,0,,,,,20,0.9215,0.00933302004486732,0.9,0.93,20,0.8375,0.012513150976809212,0.8,0.86,20,0.735,0.01395481429848722,0.7,0.76,20,0.8640000000000001,0.01594398088043856,0.82,0.88,0,,,,,0,,,,,0,,,,,0,,,,,0,,,,,0,,,,,0,,,,,0,,,,,0,,,,,0,,,,,0,,,,,0,,,,
gpt-5.5,P5_high_IA_low_ADHD,questionnaire,20,25.0,0.0,25,25,20,800.0,0.0,800,800,20,77.35,59.34402377573277,45,222,20,3.5798357367515563,1.2799381151582296,2.458739995956421,6.5438642501831055,0,,,,,0,,,,,0,,,,,0,,,,,0,,,,,0,,,,,0,,,,,0,,,,,0,,,,,0,,,,,0,,,,,0,,,,,0,,,,,0,,,,,0,,,,,20,10.15,2.3004576203785834,8.0,15.0,20,82.8,1.8806493839265086,82.0,88.0,20,2.6,1.635140425323255,1.0,7.0,20,9.75,1.860248992954834,2.0,11.0,20,6.7,0.4701623459816272,6.0,7.0
gpt-5.5,P5_high_IA_low_ADHD,stroop,20,21.0,0.0,21,21,20,780.0,0.0,780,780,20,40.0,0.0,40,40,20,2.807546055316925,0.5091869086644992,2.326432466506958,4.413712501525879,20,0.944,0.007539370349250513,0.94,0.96,20,105.75,9.35765940145741,85.0,120.0,20,683.5,23.23223713087621,620.0,720.0,20,138.0,11.168564908047191,105.0,150.0,0,,,,,0,,,,,0,,,,,0,,,,,0,,,,,0,,,,,0,,,,,0,,,,,0,,,,,0,,,,,0,,,,,0,,,,,0,,,,,0,,,,,0,,,,,0,,,,
